file,title,publisher,url,date_accessed,topic
telangana_cybercrime_handbook.pdf,Handbook for Tackling Cyber Crimes,"Telangana Police Women Safety Wing, Telangana State Police",https://cybercrime.gov.in/UploadMedia/TSWSW-HandbookforTacklingCyberCrimes.pdf,03-10-2026,phishing_vishing_identity_theft
mha_social_media_safety.pdf,Be Careful While Using Social Media Platforms,"Ministry of Home Affairs, Government of India / CyberDost",https://cybercrime.gov.in/pdf/Safe%20Use%20of%20social%20Media%20Platform%20Brochure%20final.pdf,03-10-2026,social_media_safety_impersonation_malicious_apps
npci_bhim_upi_guidelines.pdf,BHIM UPI Guidelines,National Payments Corporation of India (NPCI),https://www.npci.org.in/uploads/BHIM_UPI_Guidelines_2026_012a0b1bce.pdf,03-10-2026,upi_pin_qr_payment_safety
maharashtra_cyber_awareness.pdf,Cyber Security Awareness for Citizens,"Maharashtra Cyber, Home Department, Government of Maharashtra",https://cybercrime.gov.in/pdf/Cyber%20Security%20Awareness%20Booklet%20for%20Citizens.pdf,03-10-2026,identity_theft_banking_social_media_mobile_fraud_reporting
mha_financial_fraud.pdf,Secure Online Financial Services / Financial Fraud Awareness,"Ministry of Home Affairs, Government of India / CyberDost",https://cybercrime.gov.in/,03-10-2026,financial_fraud_otp_pin_cvv_phishing
mha_job_fraud.pdf,Is Your Job Offer Fake or Real?,"Ministry of Home Affairs, Government of India / CyberDost",https://cybercrime.gov.in/pdf/Job%20Fraud%20Brochure%20Final.pdf,03-10-2026,job_fraud_impersonation
mha_matrimonial_fraud.pdf,Matrimonial Fraud Awareness,"Ministry of Home Affairs, Government of India / CyberDost",https://cybercrime.gov.in/pdf/Matrimonial%20fraud%20brochure%20final.pdf,03-10-2026,matrimonial_fraud_social_engineering
sebi_stock_market_social_media_scam.pdf,Caution to Investors on Stock Market Scams through Social Media Platforms,Securities and Exchange Board of India (SEBI),https://www.sebi.gov.in/media-and-notifications/press-releases/may-2025/caution-to-investors-on-stock-market-scams-through-social-media-platforms_94064.html,03-10-2026,investment_fraud_social_media_impersonation
rbi_beaware_financial_fraud.pdf,BE(A)WARE - A Booklet on Modus Operandi of Financial Fraudsters,"Reserve Bank of India (RBI), Office of RBI Ombudsman Mumbai-II",https://www.rbi.org.in/Scripts/BS_PressReleaseDisplay.aspx?prid=53372,03-10-2026,phishing_vishing_qr_otp_job_loan_fraud
